title,company,location,platform,posted_date,salary,visa_friendly,url,scraped_at
2026/27 EY Vacationer Program – Accounting,EY,"Melbourne, VIC",GradConnection,Closing in,,yes,https://au.gradconnection.com/employers/ey/jobs/ey-202627-ey-vacationer-program-accounting-2-2/,2026-08-16 23:08:30
2026/27 EY Vacationer Program – Economics,EY,"Melbourne, VIC",GradConnection,Closing in,,yes,https://au.gradconnection.com/employers/ey/jobs/ey-202627-ey-vacationer-program-economics-2-2/,2026-08-16 23:08:30
2026/27 EY Vacationer Program – Finance,EY,"Melbourne, VIC",GradConnection,Closing in,,yes,https://au.gradconnection.com/employers/ey/jobs/ey-202627-ey-vacationer-program-finance-2-2/,2026-08-16 23:08:30
2026/27 EY Vacationer Program – Tax,EY,"Melbourne, VIC",GradConnection,Closing in,,yes,https://au.gradconnection.com/employers/ey/jobs/ey-202627-ey-vacationer-program-tax-3-2/,2026-08-16 23:08:30
2026/27 EY Vacationer Program – Audit,EY,"Melbourne, VIC",GradConnection,Closing in,,yes,https://au.gradconnection.com/employers/ey/jobs/ey-202627-ey-vacationer-program-audit-2-2/,2026-08-16 23:08:30
2027 Vacationer Program - Business Advisory (Accounting),William Buck,"Melbourne, VIC",GradConnection,Closing in,,unknown,https://au.gradconnection.com/employers/william-buck/jobs/william-buck-2027-vacationer-program-wealth-advisory-2-2/,2026-08-16 23:08:30
2027 Vacationer Program - Tax Consulting,William Buck,"Melbourne, VIC",GradConnection,Closing in,,unknown,https://au.gradconnection.com/employers/william-buck/jobs/william-buck-2027-vacationer-program-wealth-advisory-2-2-2/,2026-08-16 23:08:30
"Vacationer program: Audit, Business Advisory, Tax and Corporate Finance 2026/2027",SW,"Melbourne, VIC",GradConnection,Closing in,,yes,https://au.gradconnection.com/employers/sw-australia/jobs/sw-vacationer-program-audit-business-advisory-tax-and-corporate-finance-20262027-2-2-2-2-2/,2026-08-16 23:08:34
Tax Advisory Vacationer Program | 2026/27,Deloitte,"Melbourne, VIC",GradConnection,Closing in,,yes,https://au.gradconnection.com/employers/deloitte/jobs/deloitte-tax-advisory-vacationer-program-202627-3-2/,2026-08-16 23:08:34
2026 Treasury Internship Program,Department of the Treasury,"Melbourne, VIC",GradConnection,Closing in,,no,https://au.gradconnection.com/employers/department-of-the-treasury/jobs/department-of-the-treasury-2026-treasury-internship-program/,2026-08-16 23:08:34
2026/27 KPMG Vacationer Program – Tax - Rolling Intake,KPMG,"Melbourne, VIC",GradConnection,Closing in,,unknown,https://au.gradconnection.com/employers/kpmg/jobs/kpmg-202627-kpmg-vacationer-program-tax-2/,2026-08-16 23:08:34
"2026/27 KPMG Vacationer Program – Audit, Corporate Finance & Assurance - Rolling Intake",KPMG,"Melbourne, VIC",GradConnection,Closing in,,unknown,https://au.gradconnection.com/employers/kpmg/jobs/kpmg-202627-kpmg-vacationer-program-audit-corporate-finance-assurance-2/,2026-08-16 23:08:34
2026/27 KPMG Vacationer Program – Accounting - Rolling Intake,KPMG,"Melbourne, VIC",GradConnection,Closing in,,unknown,https://au.gradconnection.com/employers/kpmg/jobs/kpmg-202627-kpmg-vacationer-program-accounting-2/,2026-08-16 23:08:34
"2026/27 KPMG Vacationer Program – Business, Consulting & Risk - Rolling Intake",KPMG,"Melbourne, VIC",GradConnection,Closing in,,unknown,https://au.gradconnection.com/employers/kpmg/jobs/kpmg-202627-kpmg-vacationer-program-business-consulting-risk-2/,2026-08-16 23:08:34
2026/27 CommBank Summer Intern Program: Business Banking Relationship Management,CommBank,"Melbourne, VIC",GradConnection,Closing in,,unknown,https://au.gradconnection.com/employers/commonwealth-bank/jobs/commbank-2025-2026-commbank-customer-experience-of-products-services-and-strategy-summer-intern-program-2/,2026-08-16 23:08:34
2026/27 CommBank Summer Intern Program: Institutional Banking & Markets,CommBank,"Melbourne, VIC",GradConnection,Closing in,,unknown,https://au.gradconnection.com/employers/commonwealth-bank/jobs/commbank-2025-2026-banking-and-accounting-summer-intern-program-3/,2026-08-16 23:08:39
Tax Services - Summer Vacationer,RSM,"Melbourne, VIC",GradConnection,Closing in,,unknown,https://au.gradconnection.com/employers/rsm/jobs/rsm-audit-assurance-summer-vacationer-2-2/,2026-08-16 23:08:39
Corporate Finance - Summer Vacationer,RSM,"Melbourne, VIC",GradConnection,Closing in,,unknown,https://au.gradconnection.com/employers/rsm/jobs/rsm-audit-assurance-summer-vacationer-2-2-2-2/,2026-08-16 23:08:39
Risk Advisory - Summer Vacationer,RSM,"Melbourne, VIC",GradConnection,Closing in,,unknown,https://au.gradconnection.com/employers/rsm/jobs/rsm-audit-assurance-summer-vacationer-2-2-2-2-2/,2026-08-16 23:08:39
Quantium Data Analytics Virtual Experience Program,Quantium,"Melbourne, VIC",GradConnection,Closing in,,unknown,https://au.gradconnection.com/employers/quantium/jobs/quantium-quantium-data-analytics-virtual-experience-program-71/,2026-08-16 23:08:39
Data Analyst Internship Program 2026,Readygrad,"Melbourne, VIC",GradConnection,Closing in,,unknown,https://au.gradconnection.com/employers/readygrad/jobs/readygrad-data-analyst-internship-program-2026-17/,2026-08-16 23:08:43
Finance and Accounting Internships,The Intern Group,"Melbourne, VIC",GradConnection,New!,,unknown,https://au.gradconnection.com/employers/the-intern-group/jobs/the-intern-group-finance-and-accounting-internships-29/,2026-08-16 23:08:43
2026 Accounting Internships on Offer – Join Australia’s Top Placement Program,Premium Graduate Placements,"Melbourne, VIC",GradConnection,Closing in,,unknown,https://au.gradconnection.com/employers/premium-graduate-placements/jobs/premium-graduate-placements-2026-accounting-internships-on-offer-join-australias-top-placement-program-8/,2026-08-16 23:08:43
Finance Internship Program 2026,Readygrad,"Melbourne, VIC",GradConnection,Closing in,,unknown,https://au.gradconnection.com/employers/readygrad/jobs/readygrad-finance-internship-program-2026-9/,2026-08-16 23:08:48
Business Analyst Internship Program 2026,Readygrad,"Melbourne, VIC",GradConnection,Closing in,,unknown,https://au.gradconnection.com/employers/readygrad/jobs/readygrad-business-analyst-internship-program-2026-9/,2026-08-16 23:08:48
Accounting Internship Program 2026,Readygrad,"Melbourne, VIC",GradConnection,Closing in,,unknown,https://au.gradconnection.com/employers/readygrad/jobs/readygrad-accounting-internship-program-2026-9/,2026-08-16 23:08:48
Notify Me - Australian Securities and Investments Commission Internships,Australian Securities and Investments Commission,"Melbourne, VIC",GradConnection,,,unknown,https://au.gradconnection.com/employers/asic/notifyme/notify-me-australian-securities-and-investments--4/,2026-08-16 23:08:57
Notify Me - Australian Taxation Office Internships,Australian Taxation Office,"Melbourne, VIC",GradConnection,,,unknown,https://au.gradconnection.com/employers/australian-taxation-office/notifyme/notify-me-australian-taxation-office-internships/,2026-08-16 23:08:57
Investment Analyst - Growth Capital Private Equity (Tech),Capital Executive Search,"Sydney, New South Wales, Australia",LinkedIn,2026-08-10,,unknown,https://au.linkedin.com/jobs/view/investment-analyst-growth-capital-private-equity-tech-at-capital-executive-search-4451378809,2026-08-16 23:10:32
Intern,La Caisse (Caisse de dépôt et placement du Québec),Greater Sydney Area,LinkedIn,2026-07-27,,unknown,https://au.linkedin.com/jobs/view/intern-at-la-caisse-caisse-de-d%C3%A9p%C3%B4t-et-placement-du-qu%C3%A9bec-4442850882,2026-08-16 23:10:32
"Intern, Portfolio Valuation",Kroll,"Sydney, New South Wales, Australia",LinkedIn,2026-08-11,,unknown,https://au.linkedin.com/jobs/view/intern-portfolio-valuation-at-kroll-4440486412,2026-08-16 23:10:32
Investment Analyst,Capstone Recruitment,"Sydney, New South Wales, Australia",LinkedIn,2026-07-31,,unknown,https://au.linkedin.com/jobs/view/investment-analyst-at-capstone-recruitment-4446956113,2026-08-16 23:10:32
Graduate Equity Analyst: 2027,Susquehanna International Group,"Sydney, New South Wales, Australia",LinkedIn,2026-08-15,,unknown,https://au.linkedin.com/jobs/view/graduate-equity-analyst-2027-at-susquehanna-international-group-4406719389,2026-08-16 23:10:32
Investment Associate – Infrastructure Private Equity,East Partnership,"Sydney, New South Wales, Australia",LinkedIn,2026-08-13,,unknown,https://au.linkedin.com/jobs/view/investment-associate-%E2%80%93-infrastructure-private-equity-at-east-partnership-4443814617,2026-08-16 23:10:32
Graduate Trainee – Corporate Coverage,Societe Generale,"Sydney, New South Wales, Australia",LinkedIn,2026-08-01,,unknown,https://au.linkedin.com/jobs/view/graduate-trainee-%E2%80%93-corporate-coverage-at-societe-generale-4439312252,2026-08-16 23:10:34
Capital Markets Academy 2027 - Launch Your Real Estate Career,JLL,"Sydney, New South Wales, Australia",LinkedIn,2026-07-28,,unknown,https://au.linkedin.com/jobs/view/capital-markets-academy-2027-launch-your-real-estate-career-at-jll-4443285122,2026-08-16 23:10:34
Graduate Trainee – Financing & Advisory,Societe Generale,"Sydney, New South Wales, Australia",LinkedIn,2026-08-06,,unknown,https://au.linkedin.com/jobs/view/graduate-trainee-%E2%80%93-financing-advisory-at-societe-generale-4450634690,2026-08-16 23:10:34
2027 Graduate Rotation,Dimensional Fund Advisors,"Sydney, New South Wales, Australia",LinkedIn,2026-07-20,,unknown,https://au.linkedin.com/jobs/view/2027-graduate-rotation-at-dimensional-fund-advisors-4442001370,2026-08-16 23:10:34
Investment Associate – Growth Equity,JMES (Jon Michel Executive Search),"Sydney, New South Wales, Australia",LinkedIn,2026-08-13,,unknown,https://au.linkedin.com/jobs/view/investment-associate-%E2%80%93-growth-equity-at-jmes-jon-michel-executive-search-4453399750,2026-08-16 23:10:34
Investment Analyst,Gough Recruitment,"Sydney, New South Wales, Australia",LinkedIn,2026-08-03,,unknown,https://au.linkedin.com/jobs/view/investment-analyst-at-gough-recruitment-4447678833,2026-08-16 23:10:34
Equity Analyst Internship: November 2026,Susquehanna International Group,"Sydney, New South Wales, Australia",LinkedIn,2026-08-16,,unknown,https://au.linkedin.com/jobs/view/equity-analyst-internship-november-2026-at-susquehanna-international-group-4406731089,2026-08-16 23:10:34
Portfolio Monitoring Unit - Associate -Sydney,KKR,"Sydney, New South Wales, Australia",LinkedIn,2026-08-07,,unknown,https://au.linkedin.com/jobs/view/portfolio-monitoring-unit-associate-sydney-at-kkr-4430231737,2026-08-16 23:10:36
"Analyst, Investments",New Forests,"North Sydney, New South Wales, Australia",LinkedIn,2026-08-06,,unknown,https://au.linkedin.com/jobs/view/analyst-investments-at-new-forests-4449343048,2026-08-16 23:10:36
Global Corporate Banking Full Time Analyst - 2026 - Sydney,Bank of America,"Sydney, New South Wales, Australia",LinkedIn,2026-07-31,,unknown,https://au.linkedin.com/jobs/view/global-corporate-banking-full-time-analyst-2026-sydney-at-bank-of-america-4446973839,2026-08-16 23:10:36
Investment Operations Analyst,Redpath Partners,"Sydney, New South Wales, Australia",LinkedIn,2026-08-10,,unknown,https://au.linkedin.com/jobs/view/investment-operations-analyst-at-redpath-partners-4450994829,2026-08-16 23:10:36
Private Equity Associate / Senior Associate,East Partnership,Greater Sydney Area,LinkedIn,2026-08-06,,unknown,https://au.linkedin.com/jobs/view/private-equity-associate-senior-associate-at-east-partnership-4449357727,2026-08-16 23:10:36
Graduate Program 2027 - NSW,Savills Australia & New Zealand,"Sydney, New South Wales, Australia",LinkedIn,2026-08-14,,unknown,https://au.linkedin.com/jobs/view/graduate-program-2027-nsw-at-savills-australia-new-zealand-4453508731,2026-08-16 23:10:36
Investment Banking Analyst - Real Estate,Platinum Pacific Partners,"Sydney, New South Wales, Australia",LinkedIn,2026-08-12,,unknown,https://au.linkedin.com/jobs/view/investment-banking-analyst-real-estate-at-platinum-pacific-partners-4452355359,2026-08-16 23:10:38
"Investor Relations Associate, Real Estate Fund Manager",Capstone Recruitment,Greater Sydney Area,LinkedIn,2026-07-22,,unknown,https://au.linkedin.com/jobs/view/investor-relations-associate-real-estate-fund-manager-at-capstone-recruitment-4443416201,2026-08-16 23:10:38
Investment Associate - Octopus Australia,Octopus Australia,"Sydney, New South Wales, Australia",LinkedIn,2026-07-31,,unknown,https://au.linkedin.com/jobs/view/investment-associate-octopus-australia-at-octopus-australia-4445077528,2026-08-16 23:10:38
Mining Investment Associate,"Hainan Mining Co., Ltd.","Sydney, New South Wales, Australia",LinkedIn,2026-07-29,,unknown,https://au.linkedin.com/jobs/view/mining-investment-associate-at-hainan-mining-co-ltd-4443655135,2026-08-16 23:10:38
"Analyst, Portfolio Valuation",Kroll,"Sydney, New South Wales, Australia",LinkedIn,2026-07-31,,unknown,https://au.linkedin.com/jobs/view/analyst-portfolio-valuation-at-kroll-4445515120,2026-08-16 23:10:38
Expression of Interest - Graduate Associate,Alvarez & Marsal,"Sydney, New South Wales, Australia",LinkedIn,2026-08-06,,unknown,https://au.linkedin.com/jobs/view/expression-of-interest-graduate-associate-at-alvarez-marsal-4440990558,2026-08-16 23:10:38
Graduate Analyst - ISO,Perpetual Limited,"Sydney, New South Wales, Australia",LinkedIn,2026-08-14,,unknown,https://au.linkedin.com/jobs/view/graduate-analyst-iso-at-perpetual-limited-4454349368,2026-08-16 23:10:38
Associate — Global Valuations & Portfolio Analytics,Macquarie Group,"Sydney, New South Wales, Australia",LinkedIn,2026-07-29,,unknown,https://au.linkedin.com/jobs/view/associate-%E2%80%94-global-valuations-portfolio-analytics-at-macquarie-group-4434800953,2026-08-16 23:10:41
Graduate Analyst - Research,CBRE Asia Pacific,"Sydney, New South Wales, Australia",LinkedIn,2026-08-11,,unknown,https://au.linkedin.com/jobs/view/graduate-analyst-research-at-cbre-asia-pacific-4451612993,2026-08-16 23:10:41
"Analyst, Funds Management (Real Estate)",IFM Investors,"Sydney, New South Wales, Australia",LinkedIn,2026-08-11,,unknown,https://au.linkedin.com/jobs/view/analyst-funds-management-real-estate-at-ifm-investors-4451491872,2026-08-16 23:10:41
Investment Manager - Infrastructure (Sydney),Madison Hunt,"Sydney, New South Wales, Australia",LinkedIn,2026-08-13,,unknown,https://au.linkedin.com/jobs/view/investment-manager-infrastructure-sydney-at-madison-hunt-4453642381,2026-08-16 23:10:41
Investment Manager,Profusion,"Sydney, New South Wales, Australia",LinkedIn,2026-08-10,,unknown,https://au.linkedin.com/jobs/view/investment-manager-at-profusion-4450979919,2026-08-16 23:10:41
Real Estate Investment Banking Analyst - Leading Boutique with Leading IB Team,KW Partners,"Sydney, New South Wales, Australia",LinkedIn,2026-08-12,,unknown,https://au.linkedin.com/jobs/view/real-estate-investment-banking-analyst-leading-boutique-with-leading-ib-team-at-kw-partners-4452750624,2026-08-16 23:10:41
Investment Analyst,AMPYR Australia,"Sydney, New South Wales, Australia",LinkedIn,2026-08-07,,unknown,https://au.linkedin.com/jobs/view/investment-analyst-at-ampyr-australia-4449374261,2026-08-16 23:10:50
Business Development Graduate Program,B2BE,Greater Sydney Area,LinkedIn,2026-08-03,,unknown,https://au.linkedin.com/jobs/view/business-development-graduate-program-at-b2be-4447917153,2026-08-16 23:10:50
Investment Analyst | Office of the CIO,Macquarie Group,"Sydney, New South Wales, Australia",LinkedIn,2026-08-12,,unknown,https://au.linkedin.com/jobs/view/investment-analyst-office-of-the-cio-at-macquarie-group-4431557695,2026-08-16 23:10:57
Investment Analyst,Koda Capital,"Sydney, New South Wales, Australia",LinkedIn,2026-08-12,,unknown,https://au.linkedin.com/jobs/view/investment-analyst-at-koda-capital-4452377142,2026-08-16 23:10:57
"Investment Analyst – Fidante, Sydney",Fidante,"Sydney, New South Wales, Australia",LinkedIn,2026-08-13,,unknown,https://au.linkedin.com/jobs/view/investment-analyst-%E2%80%93-fidante-sydney-at-fidante-4453657408,2026-08-16 23:10:57
Investment Analyst – Wealth Platform,Macquarie Group,"Sydney, New South Wales, Australia",LinkedIn,2026-08-09,,unknown,https://au.linkedin.com/jobs/view/investment-analyst-%E2%80%93-wealth-platform-at-macquarie-group-4411586697,2026-08-16 23:10:57
"Investment Analyst, Data Centres",ESR Group,"Sydney, New South Wales, Australia",LinkedIn,2026-07-31,,unknown,https://au.linkedin.com/jobs/view/investment-analyst-data-centres-at-esr-group-4446949978,2026-08-16 23:10:59
"Investment Banking Analyst, Infrastructure",Jefferies,"Sydney, New South Wales, Australia",LinkedIn,2026-08-12,,unknown,https://au.linkedin.com/jobs/view/investment-banking-analyst-infrastructure-at-jefferies-4443797564,2026-08-16 23:10:59
Junior Investment Operations Analyst,Koda Capital,"Sydney, New South Wales, Australia",LinkedIn,2026-08-13,,unknown,https://au.linkedin.com/jobs/view/junior-investment-operations-analyst-at-koda-capital-4452904004,2026-08-16 23:10:59
"Debt Capital Markets, Sydney - Analyst/ Associate",Mizuho,"Sydney, New South Wales, Australia",LinkedIn,2026-08-10,,unknown,https://au.linkedin.com/jobs/view/debt-capital-markets-sydney-analyst-associate-at-mizuho-4451510023,2026-08-16 23:10:59
Investment Banking Analyst,Kenbury,"Sydney, New South Wales, Australia",LinkedIn,2026-08-13,,unknown,https://au.linkedin.com/jobs/view/investment-banking-analyst-at-kenbury-4452787441,2026-08-16 23:10:59
Graduate - Financial Services,William Buck,"Sydney, New South Wales, Australia",LinkedIn,2026-08-13,,unknown,https://au.linkedin.com/jobs/view/graduate-financial-services-at-william-buck-4441090529,2026-08-16 23:10:59
Sports Consultancy and Data Analyst Intern,Futures Sport & Entertainment,"Sydney, New South Wales, Australia",LinkedIn,2026-08-13,,unknown,https://au.linkedin.com/jobs/view/sports-consultancy-and-data-analyst-intern-at-futures-sport-entertainment-4452765902,2026-08-16 23:11:02
Financial Product Sales Intern | Mandarin Speaking,TMGM,"Sydney, New South Wales, Australia",LinkedIn,2026-08-10,,unknown,https://au.linkedin.com/jobs/view/financial-product-sales-intern-mandarin-speaking-at-tmgm-4449534007,2026-08-16 23:11:02
"Intern- Analyst
Madrid",Interbrand Australia,"Ultimo, New South Wales, Australia",LinkedIn,2026-08-05,,unknown,https://au.linkedin.com/jobs/view/intern-analyst%0Amadrid-at-interbrand-australia-4448062551,2026-08-16 23:11:02
Summer Vacationer - Restructuring & Recovery,RSM Australia,"Sydney, New South Wales, Australia",LinkedIn,2026-08-11,,unknown,https://au.linkedin.com/jobs/view/summer-vacationer-restructuring-recovery-at-rsm-australia-4443312925,2026-08-16 23:11:02
Quantitative Research Internship - PhD,Susquehanna International Group,"Sydney, New South Wales, Australia",LinkedIn,2026-08-15,,unknown,https://au.linkedin.com/jobs/view/quantitative-research-internship-phd-at-susquehanna-international-group-4406717646,2026-08-16 23:11:02
Quantitative Systematic Trading Internship – PhD,Susquehanna International Group,"Sydney, New South Wales, Australia",LinkedIn,2026-07-26,,unknown,https://au.linkedin.com/jobs/view/quantitative-systematic-trading-internship-%E2%80%93-phd-at-susquehanna-international-group-4406714871,2026-08-16 23:11:02
Investment Analyst / Senior Analyst - Renewables IPP,Enemix,"Sydney, New South Wales, Australia",LinkedIn,2026-08-07,,unknown,https://au.linkedin.com/jobs/view/investment-analyst-senior-analyst-renewables-ipp-at-enemix-4450072928,2026-08-16 23:11:04
Investment Operations Analyst,Intuitive Recruitment,"Sydney, New South Wales, Australia",LinkedIn,2026-08-12,,unknown,https://au.linkedin.com/jobs/view/investment-operations-analyst-at-intuitive-recruitment-4452389973,2026-08-16 23:11:04
Research Analyst - Industrials,UBS,"Sydney, New South Wales, Australia",LinkedIn,2026-07-29,,unknown,https://au.linkedin.com/jobs/view/research-analyst-industrials-at-ubs-4428458303,2026-08-16 23:11:09
"Healthcare Equity Research Associate, Tier 1 Capital Markets Firm",Platinum Pacific Partners,"Sydney, New South Wales, Australia",LinkedIn,2026-08-04,,unknown,https://au.linkedin.com/jobs/view/healthcare-equity-research-associate-tier-1-capital-markets-firm-at-platinum-pacific-partners-4448283165,2026-08-16 23:11:09
Investment Analyst - Equities – Office of the CIO,Macquarie Group,"Sydney, New South Wales, Australia",LinkedIn,2026-08-05,,unknown,https://au.linkedin.com/jobs/view/investment-analyst-equities-%E2%80%93-office-of-the-cio-at-macquarie-group-4419232163,2026-08-16 23:11:09
Lead Equity Research Analyst (Small Caps) – Global Investment Bank,Platinum Pacific Partners,"Sydney, New South Wales, Australia",LinkedIn,2026-07-27,,unknown,https://au.linkedin.com/jobs/view/lead-equity-research-analyst-small-caps-%E2%80%93-global-investment-bank-at-platinum-pacific-partners-4444855928,2026-08-16 23:11:09
Graduate Macro Analyst: 2027,Susquehanna International Group,"Sydney, New South Wales, Australia",LinkedIn,2026-08-16,,unknown,https://au.linkedin.com/jobs/view/graduate-macro-analyst-2027-at-susquehanna-international-group-4406721314,2026-08-16 23:11:09
Senior Analyst - Equity Research (TMT) - Vice President/Executive Director - Australia,JPMorganChase,"Sydney, New South Wales, Australia",LinkedIn,2026-08-12,,unknown,https://au.linkedin.com/jobs/view/senior-analyst-equity-research-tmt-vice-president-executive-director-australia-at-jpmorganchase-4453124588,2026-08-16 23:11:11
Investment Analyst - Boutique Fund,Mane Consulting,"Sydney, New South Wales, Australia",LinkedIn,2026-08-06,,unknown,https://au.linkedin.com/jobs/view/investment-analyst-boutique-fund-at-mane-consulting-4449992151,2026-08-16 23:11:11
"Portfolio Manager, Australian Equities",Rest,"Sydney, New South Wales, Australia",LinkedIn,2026-08-11,,unknown,https://au.linkedin.com/jobs/view/portfolio-manager-australian-equities-at-rest-4449834283,2026-08-16 23:11:11
"Head of Consumer Equity Research. Global Research, Sydney, Australia",Bank of America,"Sydney, New South Wales, Australia",LinkedIn,2026-08-07,,unknown,https://au.linkedin.com/jobs/view/head-of-consumer-equity-research-global-research-sydney-australia-at-bank-of-america-4422431311,2026-08-16 23:11:11
Metals & Mining Research Analyst - Vice President,Citi,"Sydney, New South Wales, Australia",LinkedIn,2026-07-30,,unknown,https://au.linkedin.com/jobs/view/metals-mining-research-analyst-vice-president-at-citi-4437307595,2026-08-16 23:11:13
Analyst - Investment Products,Waratah Recruitment Partners,Greater Sydney Area,LinkedIn,2026-07-28,,unknown,https://au.linkedin.com/jobs/view/analyst-investment-products-at-waratah-recruitment-partners-4442898866,2026-08-16 23:11:13
Portfolio Manager,Global X ETFs AU,"Sydney, New South Wales, Australia",LinkedIn,2026-08-10,,unknown,https://au.linkedin.com/jobs/view/portfolio-manager-at-global-x-etfs-au-4451457821,2026-08-16 23:11:18
Investment Consultant / Portfolio Manager - Multi-Asset,bellmont.,Greater Sydney Area,LinkedIn,2026-08-03,,unknown,https://au.linkedin.com/jobs/view/investment-consultant-portfolio-manager-multi-asset-at-bellmont-4448273070,2026-08-16 23:11:20
Investment Alternatives Specialist - Real Estate,Mercer,"Sydney, New South Wales, Australia",LinkedIn,2026-08-14,,unknown,https://au.linkedin.com/jobs/view/investment-alternatives-specialist-real-estate-at-mercer-4450883159,2026-08-16 23:11:20
"Fund Analytics, Asset Management",New Forests,"Sydney, New South Wales, Australia",LinkedIn,2026-07-29,,unknown,https://au.linkedin.com/jobs/view/fund-analytics-asset-management-at-new-forests-4446434651,2026-08-16 23:11:20
Senior Fund Analyst,Charter Hall,"Sydney, New South Wales, Australia",LinkedIn,2026-08-07,,unknown,https://au.linkedin.com/jobs/view/senior-fund-analyst-at-charter-hall-4450079094,2026-08-16 23:11:20
Investment Manager,Charter Hall,"Sydney, New South Wales, Australia",LinkedIn,2026-07-30,,unknown,https://au.linkedin.com/jobs/view/investment-manager-at-charter-hall-4446939716,2026-08-16 23:11:23
Senior Investment Analyst,FE fundinfo,"Sydney, New South Wales, Australia",LinkedIn,2026-08-06,,unknown,https://au.linkedin.com/jobs/view/senior-investment-analyst-at-fe-fundinfo-4449989798,2026-08-16 23:11:23
Head of Investments / Portfolio Manager | Private Markets,Reach Alts,Greater Sydney Area,LinkedIn,2026-08-10,,unknown,https://au.linkedin.com/jobs/view/head-of-investments-portfolio-manager-private-markets-at-reach-alts-4451129137,2026-08-16 23:11:23
"Assistant Vice President, Asset Management, AIPA",Keppel (Fund Management & Investment),"Sydney, New South Wales, Australia",LinkedIn,2026-08-09,,unknown,https://au.linkedin.com/jobs/view/assistant-vice-president-asset-management-aipa-at-keppel-fund-management-investment-4411188696,2026-08-16 23:11:23
Book Portfolio Manager,WorldQuant,"Sydney, New South Wales, Australia",LinkedIn,2026-08-16,,unknown,https://au.linkedin.com/jobs/view/book-portfolio-manager-at-worldquant-3601283325,2026-08-16 23:11:23
Independent Portfolio Manager,WorldQuant,"Sydney, New South Wales, Australia",LinkedIn,2026-07-20,,unknown,https://au.linkedin.com/jobs/view/independent-portfolio-manager-at-worldquant-3604747899,2026-08-16 23:11:25
Investment Associate (Real Estate),The Living Company,"Sydney, New South Wales, Australia",LinkedIn,2026-08-10,,unknown,https://au.linkedin.com/jobs/view/investment-associate-real-estate-at-the-living-company-4452071977,2026-08-16 23:11:25
Investment Analyst/Associate - Portfolio Analytics - Private Credit,Platinum Pacific Partners,"Sydney, New South Wales, Australia",LinkedIn,2026-08-14,,unknown,https://au.linkedin.com/jobs/view/investment-analyst-associate-portfolio-analytics-private-credit-at-platinum-pacific-partners-4453526130,2026-08-16 23:11:25
Senior Fund Analyst,Mirvac,"Sydney, New South Wales, Australia",LinkedIn,2026-07-29,,unknown,https://au.linkedin.com/jobs/view/senior-fund-analyst-at-mirvac-4446427845,2026-08-16 23:11:25
Investment Operations Analyst,Betashares,"Sydney, New South Wales, Australia",LinkedIn,2026-07-20,,unknown,https://au.linkedin.com/jobs/view/investment-operations-analyst-at-betashares-4443011782,2026-08-16 23:11:25
Analyst – Investment Performance and Regulatory Reporting,Mercer,"Sydney, New South Wales, Australia",LinkedIn,2026-08-14,,unknown,https://au.linkedin.com/jobs/view/analyst-%E2%80%93-investment-performance-and-regulatory-reporting-at-mercer-4450871425,2026-08-16 23:11:25
Associate – Infrastructure Portfolio Management Group,QIC,"Sydney, New South Wales, Australia",LinkedIn,2026-07-29,,unknown,https://au.linkedin.com/jobs/view/associate-%E2%80%93-infrastructure-portfolio-management-group-at-qic-4435391530,2026-08-16 23:11:27
Analyst - Industrial Investment,Mirvac,"Sydney, New South Wales, Australia",LinkedIn,2026-08-07,,unknown,https://au.linkedin.com/jobs/view/analyst-industrial-investment-at-mirvac-4450015381,2026-08-16 23:11:27
Investment Director (Remote),RGG Capital,"Sydney, New South Wales, Australia",LinkedIn,2026-08-03,,unknown,https://au.linkedin.com/jobs/view/investment-director-remote-at-rgg-capital-4445893553,2026-08-16 23:11:27
"Product Manager, Funds & Investments",Profusion,"Sydney, New South Wales, Australia",LinkedIn,2026-07-28,,unknown,https://au.linkedin.com/jobs/view/product-manager-funds-investments-at-profusion-4445470574,2026-08-16 23:11:27
Investment Banking Analyst - Top Boutique Firm,JS Careers,"Sydney, New South Wales, Australia",LinkedIn,2026-07-31,,unknown,https://au.linkedin.com/jobs/view/investment-banking-analyst-top-boutique-firm-at-js-careers-4446946811,2026-08-16 23:11:32
Investment Banking Associate / Analyst - Natural Resources,UBS,"Sydney, New South Wales, Australia",LinkedIn,2026-08-11,,unknown,https://au.linkedin.com/jobs/view/investment-banking-associate-analyst-natural-resources-at-ubs-4442077948,2026-08-16 23:11:32
Investment Banking Analyst & Associate,JMES (Jon Michel Executive Search),"Sydney, New South Wales, Australia",LinkedIn,2026-08-05,,unknown,https://au.linkedin.com/jobs/view/investment-banking-analyst-associate-at-jmes-jon-michel-executive-search-4448940407,2026-08-16 23:11:32
"Investment Banking Associate, Industrials",Jefferies,"Sydney, New South Wales, Australia",LinkedIn,2026-08-10,,unknown,https://au.linkedin.com/jobs/view/investment-banking-associate-industrials-at-jefferies-4442572578,2026-08-16 23:11:32
Investment Banking Associate,MARS Recruitment,"Sydney, New South Wales, Australia",LinkedIn,2026-08-10,,unknown,https://au.linkedin.com/jobs/view/investment-banking-associate-at-mars-recruitment-4451105401,2026-08-16 23:11:34
Investment Banking Analyst - Dynamic and High Performing Boutique,KW Partners,"Sydney, New South Wales, Australia",LinkedIn,2026-08-10,,unknown,https://au.linkedin.com/jobs/view/investment-banking-analyst-dynamic-and-high-performing-boutique-at-kw-partners-4451137244,2026-08-16 23:11:34
Investment Banking - Infrastructure & Utilities Coverage Banker - Associate,JPMorganChase,"Sydney, New South Wales, Australia",LinkedIn,2026-08-13,,unknown,https://au.linkedin.com/jobs/view/investment-banking-infrastructure-utilities-coverage-banker-associate-at-jpmorganchase-4395336097,2026-08-16 23:11:34
"VP, Investment Banking, Financial Institutions Group (Australia)",Nomura,"Sydney, New South Wales, Australia",LinkedIn,2026-08-10,,unknown,https://au.linkedin.com/jobs/view/vp-investment-banking-financial-institutions-group-australia-at-nomura-4449558575,2026-08-16 23:11:37
"Investment Banking - Natural Resources, Vice President - Sydney",JPMorganChase,"Sydney, New South Wales, Australia",LinkedIn,2026-08-12,,unknown,https://au.linkedin.com/jobs/view/investment-banking-natural-resources-vice-president-sydney-at-jpmorganchase-4404597014,2026-08-16 23:11:37
"Vice President, Infrastructure, Investment Banking, Sydney",Bank of America,"Sydney, New South Wales, Australia",LinkedIn,2026-08-11,,unknown,https://au.linkedin.com/jobs/view/vice-president-infrastructure-investment-banking-sydney-at-bank-of-america-4442745518,2026-08-16 23:11:37
Investment Manager,Enemix,"Sydney, New South Wales, Australia",LinkedIn,2026-07-26,,unknown,https://au.linkedin.com/jobs/view/investment-manager-at-enemix-4445630887,2026-08-16 23:11:41
Financial Analyst,Ferrero,"Sydney, New South Wales, Australia",LinkedIn,2026-08-12,,unknown,https://au.linkedin.com/jobs/view/financial-analyst-at-ferrero-4453055755,2026-08-16 23:11:46
Financial Analyst,Hays,"North Sydney, New South Wales, Australia",LinkedIn,2026-08-10,,unknown,https://au.linkedin.com/jobs/view/financial-analyst-at-hays-4452035982,2026-08-16 23:11:46
Financial Analyst,Hicksons Lawyers,"Barangaroo, New South Wales, Australia",LinkedIn,2026-08-10,,unknown,https://au.linkedin.com/jobs/view/financial-analyst-at-hicksons-lawyers-4435023679,2026-08-16 23:11:46
Corporate Strategy & Financial Analyst,Pet Circle,"Sydney, New South Wales, Australia",LinkedIn,2026-07-29,,unknown,https://au.linkedin.com/jobs/view/corporate-strategy-financial-analyst-at-pet-circle-4446016955,2026-08-16 23:11:46
Financial Analyst – Modelling & Reporting,Ambition,"Chatswood, New South Wales, Australia",LinkedIn,2026-08-07,,unknown,https://au.linkedin.com/jobs/view/financial-analyst-%E2%80%93-modelling-reporting-at-ambition-4450012920,2026-08-16 23:11:46
Financial Analyst,University of Sydney,"Sydney, New South Wales, Australia",LinkedIn,2026-07-28,,unknown,https://au.linkedin.com/jobs/view/financial-analyst-at-university-of-sydney-4442889869,2026-08-16 23:11:50
Managed Portfolio Implementation Analyst,Mason Stevens,"Sydney, New South Wales, Australia",LinkedIn,2026-08-05,,unknown,https://au.linkedin.com/jobs/view/managed-portfolio-implementation-analyst-at-mason-stevens-4448986585,2026-08-16 23:12:02
Associate / Vice President - Global Asset Management - Real Assets & Valuation,JS Careers,"Sydney, New South Wales, Australia",LinkedIn,2026-08-13,,unknown,https://au.linkedin.com/jobs/view/associate-vice-president-global-asset-management-real-assets-valuation-at-js-careers-4452763398,2026-08-16 23:12:02
Australian/New Zealand Investment Counsellor,Fisher Investments,"Sydney, New South Wales, Australia",LinkedIn,2026-08-11,,unknown,https://au.linkedin.com/jobs/view/australian-new-zealand-investment-counsellor-at-fisher-investments-4436819545,2026-08-16 23:12:02
Associate Director - Asset Management,Deloitte,"Sydney, New South Wales, Australia",LinkedIn,2026-08-03,,unknown,https://au.linkedin.com/jobs/view/associate-director-asset-management-at-deloitte-4448145156,2026-08-16 23:12:04
Investment Administration Officer (EOI),HUB24 Limited,"Sydney, New South Wales, Australia",LinkedIn,2026-07-30,,unknown,https://au.linkedin.com/jobs/view/investment-administration-officer-eoi-at-hub24-limited-4418868643,2026-08-16 23:12:06
"Senior Consultant, Asset Management & Operations",Aurecon,"Sydney, New South Wales, Australia",LinkedIn,2026-08-13,,unknown,https://au.linkedin.com/jobs/view/senior-consultant-asset-management-operations-at-aurecon-4453641514,2026-08-16 23:12:09
Associate / Junior Vice President – Global Infrastructure Private Equity | Sydney,Platinum Pacific Partners,"Sydney, New South Wales, Australia",LinkedIn,2026-07-22,,unknown,https://au.linkedin.com/jobs/view/associate-junior-vice-president-%E2%80%93-global-infrastructure-private-equity-sydney-at-platinum-pacific-partners-4443437640,2026-08-16 23:12:09
Investment Banking Analyst,Kenbury,"Sydney, New South Wales, Australia",LinkedIn,2026-08-11,,unknown,https://au.linkedin.com/jobs/view/investment-banking-analyst-at-kenbury-4446492939,2026-08-16 23:12:23
投资实习,华侨星城,上海,实习僧,,见详情,n/a,https://www.shixiseng.com/intern/inn_luv28odudjpl,2026-08-16 23:14:31
资产管理中心实习 - 投资,大都会人寿,上海,实习僧,,见详情,n/a,https://www.shixiseng.com/intern/inn_2arowb6cylkr,2026-08-16 23:14:31
实习投资助理（硬科技方向）,青锐创投,上海,实习僧,,见详情,n/a,https://www.shixiseng.com/intern/inn_bvztpw3at78o,2026-08-16 23:14:35
私募基金管理实习,交银国信,上海,实习僧,,见详情,n/a,https://www.shixiseng.com/intern/inn_5axnzj1tlvbv,2026-08-16 23:14:39
私募基金产品经理,合绎投资,上海,实习僧,,见详情,n/a,https://www.shixiseng.com/intern/inn_lxe11lvvwwxs,2026-08-16 23:14:39
私募股权承做实习,华民投,上海,实习僧,,见详情,n/a,https://www.shixiseng.com/intern/inn_zlkb93kbanvp,2026-08-16 23:14:39
私募产品研究岗（实习）,广发证券,上海,实习僧,,见详情,n/a,https://www.shixiseng.com/intern/inn_xmz5a5bp9wo4,2026-08-16 23:14:39
私募基金研究岗实习,方普投资,上海,实习僧,,见详情,n/a,https://www.shixiseng.com/intern/inn_ae6nm5musyvs,2026-08-16 23:14:39
中欧私募 股权投资实习,中欧基金,上海,实习僧,,见详情,n/a,https://www.shixiseng.com/intern/inn_4vxhekeoibfj,2026-08-16 23:14:39
资产管理部-/资产配置实习(私募尽调与量化分析),华鑫证券,上海,实习僧,,见详情,n/a,https://www.shixiseng.com/intern/inn_pyobmfp7uuld,2026-08-16 23:14:39
私募股权投资经理及投资者关系实习（硬科技 &  复合方向）,灏煜资本,上海,实习僧,,见详情,n/a,https://www.shixiseng.com/intern/inn_gg4ra6zxnars,2026-08-16 23:14:39
创投基金实习分析,青锐创投,上海,实习僧,,见详情,n/a,https://www.shixiseng.com/intern/inn_sqb990wqaiow,2026-08-16 23:14:44
基金助理,小镇集团-上海双创,上海,实习僧,,见详情,n/a,https://www.shixiseng.com/intern/inn_pu5isxqqxybk,2026-08-16 23:14:44
基金研究助理,东方红资产管理,上海,实习僧,,见详情,n/a,https://www.shixiseng.com/intern/inn_njrtxrx9wszn,2026-08-16 23:14:44
干杯基金实习,哔哩哔哩,上海,实习僧,,见详情,n/a,https://www.shixiseng.com/intern/inn_ezrptcpi1srt,2026-08-16 23:14:44
基金管理部实习,金浦产业投资基金管理有限公司,上海,实习僧,,见详情,n/a,https://www.shixiseng.com/intern/inn_5nbvxpi1tq8z,2026-08-16 23:14:44
基金岗实习,申万菱信基金,上海,实习僧,,见详情,n/a,https://www.shixiseng.com/intern/inn_drmaawhjhgzb,2026-08-16 23:14:44
基金实习,华泰保兴基金,上海,实习僧,,见详情,n/a,https://www.shixiseng.com/intern/inn_bj9knaokeitb,2026-08-16 23:14:44
基金评价实习,东证期货,上海,实习僧,,见详情,n/a,https://www.shixiseng.com/intern/inn_5jicjzdbylxq,2026-08-16 23:14:44
基金实习,佰纳阳基金会,上海,实习僧,,见详情,n/a,https://www.shixiseng.com/intern/inn_vrijqgzbeni2,2026-08-16 23:14:44
基金做实习,东方证券,上海,实习僧,,见详情,n/a,https://www.shixiseng.com/intern/inn_hvgliqtnng8c,2026-08-16 23:14:44
干杯基金实习,哔哩哔哩,上海,实习僧,,见详情,n/a,https://www.shixiseng.com/intern/inn_jk7inwfrl7yh,2026-08-16 23:14:44
基金事务实习,汇智（中国）,上海,实习僧,,见详情,n/a,https://www.shixiseng.com/intern/inn_oyicz0jpakf0,2026-08-16 23:14:44
基金管理实习,劲邦资本,上海,实习僧,,见详情,n/a,https://www.shixiseng.com/intern/inn_9whauvr3dx2a,2026-08-16 23:14:44
基金务实习,鼎晖投资,上海,实习僧,,见详情,n/a,https://www.shixiseng.com/intern/inn_ok7hptru2tek,2026-08-16 23:14:44
基金清算部日常实习,财通基金,上海,实习僧,,见详情,n/a,https://www.shixiseng.com/intern/inn_zdnbvs19hqem,2026-08-16 23:14:49
复星基金公募实习,复星基金会,上海,实习僧,,见详情,n/a,https://www.shixiseng.com/intern/inn_x0wnskboip60,2026-08-16 23:14:49
云锋基金-科技实习,云锋基金,上海,实习僧,,见详情,n/a,https://www.shixiseng.com/intern/inn_ahbxblyveoxe,2026-08-16 23:14:49
复星基金务实习,复星基金会,上海,实习僧,,见详情,n/a,https://www.shixiseng.com/intern/inn_3e35nyxvdcg3,2026-08-16 23:14:49
基金投资与应用实习,华鑫证券,上海,实习僧,,见详情,n/a,https://www.shixiseng.com/intern/inn_u1kv7jhtq0zk,2026-08-16 23:14:49
民币基金募资实习,钟鼎资本,上海,实习僧,,见详情,n/a,https://www.shixiseng.com/intern/inn_2c6bslv9puho,2026-08-16 23:14:49
中基金产品管理部日常实习,中银基金,上海,实习僧,,见详情,n/a,https://www.shixiseng.com/intern/inn_dskzj6d7oo1b,2026-08-16 23:14:49
弘基金营销策划（上海）实习,天弘基金,上海,实习僧,,见详情,n/a,https://www.shixiseng.com/intern/inn_iwjo7pgf7apq,2026-08-16 23:14:49
量化实习（基金产品评价方向）,建信期货,上海,实习僧,,见详情,n/a,https://www.shixiseng.com/intern/inn_7blwmi6jyfjy,2026-08-16 23:14:49
复星基金项目实习,复星基金会,上海,实习僧,,见详情,n/a,https://www.shixiseng.com/intern/inn_1vfycwsdt0pc,2026-08-16 23:14:49
投资分析实习（企业级服务基金）,东方富海,上海,实习僧,,见详情,n/a,https://www.shixiseng.com/intern/inn_dsr2kc2y0qo6,2026-08-16 23:14:49
金融优才（基金方向-应届）,平安资管,上海,实习僧,,见详情,n/a,https://www.shixiseng.com/intern/inn_s2ry9zrik5np,2026-08-16 23:14:49
国金证券国金道富-海外基金,国金证券,上海,实习僧,,见详情,n/a,https://www.shixiseng.com/intern/inn_i7miezb9xnpu,2026-08-16 23:14:53
国金证券国金道富-海外基金,国金证券,上海,实习僧,,见详情,n/a,https://www.shixiseng.com/intern/inn_khhrav1sbgpi,2026-08-16 23:14:53
贝莱德基金量化研究实习（外包）,上海外服,上海,实习僧,,见详情,n/a,https://www.shixiseng.com/intern/inn_vdvbnhrzitue,2026-08-16 23:14:53
中欧富 基金投顾业务实习,中欧基金,上海,实习僧,,见详情,n/a,https://www.shixiseng.com/intern/inn_gkhpqgyd6ohr,2026-08-16 23:14:53
德勤公益基金-上海办公室实习,德勤中国,上海,实习僧,,见详情,n/a,https://www.shixiseng.com/intern/inn_5kw6pllx3ip4,2026-08-16 23:14:53
中欧富 量化基金研究实习,中欧基金,上海,实习僧,,见详情,n/a,https://www.shixiseng.com/intern/inn_t2d0pijidthr,2026-08-16 23:14:53
兴业证券金融团队-实习(与基金研究方向)-上海,实习僧内推助手,上海,实习僧,,见详情,n/a,https://www.shixiseng.com/intern/inn_tneldnuwmf4q,2026-08-16 23:14:53
业研究员助理（实习）,伏犀资本,上海,实习僧,,见详情,n/a,https://www.shixiseng.com/intern/inn_8u0mmurekdd9,2026-08-16 23:14:58
固收上海办公室自营业研究员实习,国融证券,上海,实习僧,,见详情,n/a,https://www.shixiseng.com/intern/inn_1girbmqiympq,2026-08-16 23:14:58
业研究员实习,野尘智能,上海,实习僧,,见详情,n/a,https://www.shixiseng.com/intern/inn_39dq4zkcfygi,2026-08-16 23:14:58
投资实习/业研究员,汉博投资HBC,上海,实习僧,,见详情,n/a,https://www.shixiseng.com/intern/inn_sapncyg98qox,2026-08-16 23:14:58
海南研究咨询分公司-金融业研究实习,天风证券,上海,实习僧,,见详情,n/a,https://www.shixiseng.com/intern/inn_tqszocymhtwj,2026-08-16 23:14:58
业研究员（先进制造、新材料、新能源）-有转正机,中航证券,上海,实习僧,,见详情,n/a,https://www.shixiseng.com/intern/inn_o30wfayjoowk,2026-08-16 23:14:58
【华兴证券】研究所-科技半导体业研究实习,华兴证券,上海,实习僧,,见详情,n/a,https://www.shixiseng.com/intern/inn_79osycbktw76,2026-08-16 23:14:58
业研究员,智诚资本,上海,实习僧,,见详情,n/a,https://www.shixiseng.com/intern/inn_0v9t6jt91fdk,2026-08-16 23:14:58
投研实习岗,创业接力,上海,实习僧,,见详情,n/a,https://www.shixiseng.com/intern/inn_rvejye0lbkck,2026-08-16 23:15:02
投资类实习（上海）,昆桥资本,上海,实习僧,,见详情,n/a,https://www.shixiseng.com/intern/inn_qsxuzrj1nsgp,2026-08-16 23:15:07
投资研究实习-高瓴创投,高瓴联合校招,上海,实习僧,,见详情,n/a,https://www.shixiseng.com/intern/inn_go4qj9ed6qn2,2026-08-16 23:15:07
业硬科技投资实习-高瓴创投,高瓴联合校招,上海,实习僧,,见详情,n/a,https://www.shixiseng.com/intern/inn_qsxk60u3h04x,2026-08-16 23:15:07
投资分析,普罗资本,上海,实习僧,,见详情,n/a,https://www.shixiseng.com/intern/inn_0uuhm5jbjuxv,2026-08-16 23:15:07
投资部实习,财通创新投资,上海,实习僧,,见详情,n/a,https://www.shixiseng.com/intern/inn_gnwaofvrjief,2026-08-16 23:15:07
投资部实习,黑蚁资本,上海,实习僧,,见详情,n/a,https://www.shixiseng.com/intern/inn_0xblusi4isad,2026-08-16 23:15:07
投资助理,青屹创投,上海,实习僧,,见详情,n/a,https://www.shixiseng.com/intern/inn_kcjazflxcngj,2026-08-16 23:15:07
投资助理,美特瑞,上海,实习僧,,见详情,n/a,https://www.shixiseng.com/intern/inn_3oneu2jtrhqh,2026-08-16 23:15:07
投资实习,携程集团,上海,实习僧,,见详情,n/a,https://www.shixiseng.com/intern/inn_pht5dnncl9ar,2026-08-16 23:15:07
投资实习,携程集团,上海,实习僧,,见详情,n/a,https://www.shixiseng.com/intern/inn_ledvdowqxawg,2026-08-16 23:15:07
投资实习,晨晖创投,上海,实习僧,,见详情,n/a,https://www.shixiseng.com/intern/inn_j0pf06blxkyz,2026-08-16 23:15:11
投资实习,成为资本,上海,实习僧,,见详情,n/a,https://www.shixiseng.com/intern/inn_nkkytev9l6jv,2026-08-16 23:15:11
投资助理,机锂资本,上海,实习僧,,见详情,n/a,https://www.shixiseng.com/intern/inn_ukbjhcogqjfe,2026-08-16 23:15:11
投资实习,上源资本,上海,实习僧,,见详情,n/a,https://www.shixiseng.com/intern/inn_or5aqa6zyx0i,2026-08-16 23:15:11
投资实习,修远资本,上海,实习僧,,见详情,n/a,https://www.shixiseng.com/intern/inn_ei0wq1pzb7ai,2026-08-16 23:15:11
投资实习,太保资本,上海,实习僧,,见详情,n/a,https://www.shixiseng.com/intern/inn_mge7aaibjlqu,2026-08-16 23:15:11
投资实习,昊辰资本,上海,实习僧,,见详情,n/a,https://www.shixiseng.com/intern/inn_btu4sjqdjflw,2026-08-16 23:15:11
投资部实习,高麓集团,上海,实习僧,,见详情,n/a,https://www.shixiseng.com/intern/inn_f7hsxou2cu05,2026-08-16 23:15:11
投资助理,上海志帮资本顾问,上海,实习僧,,见详情,n/a,https://www.shixiseng.com/intern/inn_6bfoxv3ixq6e,2026-08-16 23:15:11
投资实习,耀途资本,上海,实习僧,,见详情,n/a,https://www.shixiseng.com/intern/inn_gmqsvjdcjxfp,2026-08-16 23:15:11
投资实习,长江绿色发展基金,上海,实习僧,,见详情,n/a,https://www.shixiseng.com/intern/inn_uog3ueene7op,2026-08-16 23:15:11
组合投资部-投资助理实习（有）,国金证券,上海,实习僧,,见详情,n/a,https://www.shixiseng.com/intern/inn_s6sx65jpuiva,2026-08-16 23:15:11
项目实习-投资分析(),中金公司,全国,实习僧,,见详情,n/a,https://www.shixiseng.com/intern/inn_csolorvqfjs7,2026-08-16 23:15:11
项目实习-投资分析(),中金公司,全国,实习僧,,见详情,n/a,https://www.shixiseng.com/intern/inn_qlvbapfseodu,2026-08-16 23:15:11
投资经理助理实习,麟毅资本,上海,实习僧,,见详情,n/a,https://www.shixiseng.com/intern/inn_bee12xli6hrf,2026-08-16 23:15:11
全球投资部实习,华安基金,上海,实习僧,,见详情,n/a,https://www.shixiseng.com/intern/inn_zm5criv2xkkl,2026-08-16 23:15:11
投资经理实习,上海梅一咨询,上海,实习僧,,见详情,n/a,https://www.shixiseng.com/intern/inn_ej3u4yrtzf9n,2026-08-16 23:15:11
投资研究实习,Jadeite Capital,上海,实习僧,,见详情,n/a,https://www.shixiseng.com/intern/inn_ejmhrm2q7iub,2026-08-16 23:15:11
产业投资部实习,中信资本,上海,实习僧,,见详情,n/a,https://www.shixiseng.com/intern/inn_ryczqpeeotlg,2026-08-16 23:15:11
投资并购（实习）,竞傲实业,上海,实习僧,,见详情,n/a,https://www.shixiseng.com/intern/inn_6gzgtyzwsbmf,2026-08-16 23:15:16
量化投资部实习,东莞证券,上海,实习僧,,见详情,n/a,https://www.shixiseng.com/intern/inn_kxuoeuq4nvp9,2026-08-16 23:15:16
投资实习-理科,泰越资本,上海,实习僧,,见详情,n/a,https://www.shixiseng.com/intern/inn_v25xgawshluj,2026-08-16 23:15:16
投资分析实习,上海地产城方,上海,实习僧,,见详情,n/a,https://www.shixiseng.com/intern/inn_nfsoqvpchrmo,2026-08-16 23:15:16
投资分析实习,Ventech China,上海,实习僧,,见详情,n/a,https://www.shixiseng.com/intern/inn_wkz9rrmkiyka,2026-08-16 23:15:16
投资实习（投后）,携程集团,上海,实习僧,,见详情,n/a,https://www.shixiseng.com/intern/inn_ayb7txj7da3z,2026-08-16 23:15:16
半导体芯片投资实习,耀途资本,上海,实习僧,,见详情,n/a,https://www.shixiseng.com/intern/inn_m6jh3qdwdvck,2026-08-16 23:15:16
产业投资实习,汇智（中国）,上海,实习僧,,见详情,n/a,https://www.shixiseng.com/intern/inn_9txsfnateasu,2026-08-16 23:15:16
投资实习,渤海证券,上海,实习僧,,见详情,n/a,https://www.shixiseng.com/intern/inn_brnbt1km1zyw,2026-08-16 23:15:16
投资实习,渤海证券,上海,实习僧,,见详情,n/a,https://www.shixiseng.com/intern/inn_sdazmzezwrhx,2026-08-16 23:15:16
投资助理实习,恒基浦业,上海,实习僧,,见详情,n/a,https://www.shixiseng.com/intern/inn_ldse0pvahslx,2026-08-16 23:15:16
战略投资实习,斯凯孚（中国）有限公司,上海,实习僧,,见详情,n/a,https://www.shixiseng.com/intern/inn_ziacia0emry1,2026-08-16 23:15:16
投资部实习,摩根士丹利证券,上海,实习僧,,见详情,n/a,https://www.shixiseng.com/intern/inn_skse39mef5ly,2026-08-16 23:15:16
投资并购部实习,哔哩哔哩,上海,实习僧,,见详情,n/a,https://www.shixiseng.com/intern/inn_rodbcat0fnem,2026-08-16 23:15:16
股权投资实习,CMC资本,上海,实习僧,,见详情,n/a,https://www.shixiseng.com/intern/inn_rjatosskzbjv,2026-08-16 23:15:16
投资团队实习,金浦产业投资基金管理有限公司,上海,实习僧,,见详情,n/a,https://www.shixiseng.com/intern/inn_v5ggrfd7mdjd,2026-08-16 23:15:16
投资部实习,华侨银行,上海,实习僧,,见详情,n/a,https://www.shixiseng.com/intern/inn_ffi9n9drjnl0,2026-08-16 23:15:16
量化投资研究员,玉数投资,上海,实习僧,,见详情,n/a,https://www.shixiseng.com/intern/inn_6kwizbbc0ucs,2026-08-16 23:15:16
投资分析实习,渊泓投资,上海,实习僧,,见详情,n/a,https://www.shixiseng.com/intern/inn_ceofje3x17hs,2026-08-16 23:15:16
投资团队实习,东海证券股份有限公司,上海,实习僧,,见详情,n/a,https://www.shixiseng.com/intern/inn_tcntgg6as82a,2026-08-16 23:15:20
投资业务总部-投资业务十部实习,兴业证券,上海,实习僧,,见详情,n/a,https://www.shixiseng.com/intern/inn_277fdx5tvgxf,2026-08-16 23:15:20
风险投资实习,复星锐正资本,上海,实习僧,,见详情,n/a,https://www.shixiseng.com/intern/inn_gdy6xodsrxog,2026-08-16 23:15:20
投资研究管培,华医资本,上海,实习僧,,见详情,n/a,https://www.shixiseng.com/intern/inn_u6brx2asqwgp,2026-08-16 23:15:20
多资产投资部实习,申万菱信基金,上海,实习僧,,见详情,n/a,https://www.shixiseng.com/intern/inn_xrnj35y1dvce,2026-08-16 23:15:20
投资业务岗（上海）,东方证券,上海,实习僧,,见详情,n/a,https://www.shixiseng.com/intern/inn_etqhy7b3pnq0,2026-08-16 23:15:20
投资实习---上海,贝塔斯曼,上海,实习僧,,见详情,n/a,https://www.shixiseng.com/intern/inn_xxblwptlmpg2,2026-08-16 23:15:20
投资及产品服务实习,野村东方,上海,实习僧,,见详情,n/a,https://www.shixiseng.com/intern/inn_nctmhxaydlto,2026-08-16 23:15:20
投后及投资管理实习,信建赢石,上海,实习僧,,见详情,n/a,https://www.shixiseng.com/intern/inn_eonii8wbzrdu,2026-08-16 23:15:20
投资实习-硬科技,泰越资本,上海,实习僧,,见详情,n/a,https://www.shixiseng.com/intern/inn_7dtjzs6ws75q,2026-08-16 23:15:20
兴证投资-合规助理,兴业证券,上海,实习僧,,见详情,n/a,https://www.shixiseng.com/intern/inn_cf6mhk6pysfp,2026-08-16 23:15:20
固定收益投资实习,复星保德信,上海,实习僧,,见详情,n/a,https://www.shixiseng.com/intern/inn_itc6jsasi60n,2026-08-16 23:15:20
地产、投资岗业务助理,坤凌资产,上海,实习僧,,见详情,n/a,https://www.shixiseng.com/intern/inn_7h7upzrusibr,2026-08-16 23:15:20
投资实习（新能源方向）,耀途资本,上海,实习僧,,见详情,n/a,https://www.shixiseng.com/intern/inn_ft0hczlvjiom,2026-08-16 23:15:20
战略投资研究实习,潼骁投资,上海,实习僧,,见详情,n/a,https://www.shixiseng.com/intern/inn_pls4bcfo1mkr,2026-08-16 23:15:20
投资部实习（医疗方向）,诺庾资本,上海,实习僧,,见详情,n/a,https://www.shixiseng.com/intern/inn_vabejebn3s85,2026-08-16 23:15:20
科技投资研究实习,上海国投先导,上海,实习僧,,见详情,n/a,https://www.shixiseng.com/intern/inn_fbxjzq7wxuos,2026-08-16 23:15:20
艾想投资秋冬季实习,申通科技集团,上海,实习僧,,见详情,n/a,https://www.shixiseng.com/intern/inn_2ddowy2z4vcr,2026-08-16 23:15:20
新能源业投资助理,兴旺投资,上海,实习僧,,见详情,n/a,https://www.shixiseng.com/intern/inn_7advsvvayzjv,2026-08-16 23:15:20
股权投资实习（上海）,越秀产业基金,上海,实习僧,,见详情,n/a,https://www.shixiseng.com/intern/inn_kadkchqo6aos,2026-08-16 23:15:20
投资研究岗（实习/培优）,开思基金,上海,实习僧,,见详情,n/a,https://www.shixiseng.com/intern/inn_mgumu3lir8ky,2026-08-16 23:15:25
德邦资管-固收投资实习岗,德邦证券,上海,实习僧,,见详情,n/a,https://www.shixiseng.com/intern/inn_ifvhybhxcjlm,2026-08-16 23:15:25
量化投资实习-暑期实习,因诺资产,上海,实习僧,,见详情,n/a,https://www.shixiseng.com/intern/inn_xysj7vfrl47j,2026-08-16 23:15:25
大模型量化投资实习,因诺资产,上海,实习僧,,见详情,n/a,https://www.shixiseng.com/intern/inn_soeoa8ilpfku,2026-08-16 23:15:25
资本及投资服务实习,高力国际,上海,实习僧,,见详情,n/a,https://www.shixiseng.com/intern/inn_o42igdqu1ylr,2026-08-16 23:15:25
固定收益投资助理岗实习,国海证券,上海,实习僧,,见详情,n/a,https://www.shixiseng.com/intern/inn_3luddzkjyppa,2026-08-16 23:15:25
投资实习-硬科技(),蓝驰创投,上海,实习僧,,见详情,n/a,https://www.shixiseng.com/intern/inn_4h0xwkufrsyd,2026-08-16 23:15:25
兴证资管-固收投资实习,兴业证券,上海,实习僧,,见详情,n/a,https://www.shixiseng.com/intern/inn_h23wjc5r8ktt,2026-08-16 23:15:25
硬科技投资研究实习,一村资本,上海,实习僧,,见详情,n/a,https://www.shixiseng.com/intern/inn_iqkosrgarase,2026-08-16 23:15:25
战略投资实习（方向）,晶科能源,上海,实习僧,,见详情,n/a,https://www.shixiseng.com/intern/inn_s75mroohdmsc,2026-08-16 23:15:25
资产管理部-投资实习,华鑫证券,上海,实习僧,,见详情,n/a,https://www.shixiseng.com/intern/inn_ofls4qserlri,2026-08-16 23:15:25
投资研究实习（资产管理部）,华鑫证券,上海,实习僧,,见详情,n/a,https://www.shixiseng.com/intern/inn_8m9ayv65ayag,2026-08-16 23:15:25
投资并购部实习（方向）,东久新宜,上海,实习僧,,见详情,n/a,https://www.shixiseng.com/intern/inn_oyzokj00whif,2026-08-16 23:15:25
博世创业投资实习-,博世中国,上海,实习僧,,见详情,n/a,https://www.shixiseng.com/intern/inn_lkausamq8mgj,2026-08-16 23:15:25
投资实习-硬科技方向,孚腾资本,上海,实习僧,,见详情,n/a,https://www.shixiseng.com/intern/inn_zre7zqb7ttwo,2026-08-16 23:15:25
实习投资/投后经理(上海),仁智资本,上海,实习僧,,见详情,n/a,https://www.shixiseng.com/intern/inn_ejn6zr4kc2ll,2026-08-16 23:15:25
医疗健康投资研究实习,上海国投先导,上海,实习僧,,见详情,n/a,https://www.shixiseng.com/intern/inn_hexemmzpzydq,2026-08-16 23:15:25
商科金融投资课老,MECAMP,上海,实习僧,,见详情,n/a,https://www.shixiseng.com/intern/inn_boof5xymvj5l,2026-08-16 23:15:25
金融风险部,韦莱韬悦,上海,实习僧,,见详情,n/a,https://www.shixiseng.com/intern/inn_yxrwvkoupkkx,2026-08-16 23:15:31
战略研究部 投资研究实习,上海国投先导,上海,实习僧,,见详情,n/a,https://www.shixiseng.com/intern/inn_hfbtbjqplazm,2026-08-16 23:15:50
投资部 实习（企业服务）,投中资本,上海,实习僧,,见详情,n/a,https://www.shixiseng.com/intern/inn_6gvsgtushmdd,2026-08-16 23:15:50
-投资分析岗（实习）,招商局资本,北京,实习僧,,见详情,n/a,https://www.shixiseng.com/intern/inn_qmdmc0xmrotn,2026-08-16 23:15:56
投资关系经理（实习）--对接上公司/产业资本///,万德嘉鑫,北京,实习僧,,见详情,n/a,https://www.shixiseng.com/intern/inn_48oszbeqjghc,2026-08-16 23:15:56
投研实习—科技方向,好来互利(北京)科技有限公司,北京,实习僧,,见详情,n/a,https://www.shixiseng.com/intern/inn_egpwp3umhmrf,2026-08-16 23:16:01
某双币基金中后台务实习,云时资本,北京,实习僧,,见详情,n/a,https://www.shixiseng.com/intern/inn_acvplyj4z9mi,2026-08-16 23:16:01
私募业务实习,开源证券,北京,实习僧,,见详情,n/a,https://www.shixiseng.com/intern/inn_bhsjpw2x3gl1,2026-08-16 23:16:05
级私募基金产品经理助理,沣京资本,北京,实习僧,,见详情,n/a,https://www.shixiseng.com/intern/inn_7thqsuwo8dlp,2026-08-16 23:16:05
私募股权基金投资助理,中财予飞,北京,实习僧,,见详情,n/a,https://www.shixiseng.com/intern/inn_zniashcrekys,2026-08-16 23:16:05
项目实习-私募股权产品研究(),中金财富,北京,实习僧,,见详情,n/a,https://www.shixiseng.com/intern/inn_wuwwarzglrgl,2026-08-16 23:16:05
留用实习/初级律（私募与股权投融领域）,环球律师事务所,北京,实习僧,,见详情,n/a,https://www.shixiseng.com/intern/inn_n4hxyjkscxat,2026-08-16 23:16:05
长江资本-私募股权投资业务实习（北京）,长江资本,北京,实习僧,,见详情,n/a,https://www.shixiseng.com/intern/inn_nl9jvnathvcy,2026-08-16 23:16:05
项目实习-组织力（私募股权业务方向）(),中金公司,北京,实习僧,,见详情,n/a,https://www.shixiseng.com/intern/inn_nmqymgoxvsl5,2026-08-16 23:16:05
惠每资本−医疗私募股权投资机构 【岗位名称/职责】 募资部-府与公,惠每资本,北京,实习僧,,见详情,n/a,https://www.shixiseng.com/intern/inn_l7sevvmyipui,2026-08-16 23:16:05
基金实习,风炎投资,北京,实习僧,,见详情,n/a,https://www.shixiseng.com/intern/inn_jnzd5evrqe3v,2026-08-16 23:16:09
基金实习,知行中科基金,北京,实习僧,,见详情,n/a,https://www.shixiseng.com/intern/inn_bqfq1cwklkyx,2026-08-16 23:16:09
基金业务部助理,清控金信资本,北京,实习僧,,见详情,n/a,https://www.shixiseng.com/intern/inn_zamk0bl7sh0m,2026-08-16 23:16:09
基金产品管理岗,朗姿韩亚资管,北京,实习僧,,见详情,n/a,https://www.shixiseng.com/intern/inn_wfnxwv785ufb,2026-08-16 23:16:09
基金务实习,鼎晖投资,北京,实习僧,,见详情,n/a,https://www.shixiseng.com/intern/inn_zcypqtmpjo2p,2026-08-16 23:16:09
基金支持实习,交叉科技,北京,实习僧,,见详情,n/a,https://www.shixiseng.com/intern/inn_myc8favtsjiy,2026-08-16 23:16:09
股权投资基金实习,德载厚基金,北京,实习僧,,见详情,n/a,https://www.shixiseng.com/intern/inn_wrukdpftsvlo,2026-08-16 23:16:09
中基金公募实习,中银基金,北京,实习僧,,见详情,n/a,https://www.shixiseng.com/intern/inn_pr8c20kvavio,2026-08-16 23:16:09
华兴资本-基金务实习,华兴资本,北京,实习僧,,见详情,n/a,https://www.shixiseng.com/intern/inn_b1sdpzh97y11,2026-08-16 23:16:09
项目实习-基金数据岗(),中金公司,北京,实习僧,,见详情,n/a,https://www.shixiseng.com/intern/inn_rxruhacblqxr,2026-08-16 23:16:09
项目实习-基金(),中金公司,北京,实习僧,,见详情,n/a,https://www.shixiseng.com/intern/inn_sftmlrhovsgk,2026-08-16 23:16:09
项目实习-基金业务管理岗(),中金公司,北京,实习僧,,见详情,n/a,https://www.shixiseng.com/intern/inn_nanx9em8tnwa,2026-08-16 23:16:09
华兴资本-基金平台部-务实习,华兴资本,北京,实习僧,,见详情,n/a,https://www.shixiseng.com/intern/inn_f7c2wz2tkb7m,2026-08-16 23:16:13
项目实习-股票基金研究 (),中金财富,北京,实习僧,,见详情,n/a,https://www.shixiseng.com/intern/inn_nfdnpkmxhtom,2026-08-16 23:16:13
项目实习-力资源岗（中金基金方向）(),中金公司,北京,实习僧,,见详情,n/a,https://www.shixiseng.com/intern/inn_jakydxhzeiy9,2026-08-16 23:16:13
项目实习-力资源岗（中金基金方向）(),中金公司,北京,实习僧,,见详情,n/a,https://www.shixiseng.com/intern/inn_ulvyn2vod9xx,2026-08-16 23:16:13
信托经理助理（基金支持）-标品业务管理总部,五矿信托,北京,实习僧,,见详情,n/a,https://www.shixiseng.com/intern/inn_wf06uwlat46g,2026-08-16 23:16:13
华兴资本-基金平台部- -数据研究组实习,华兴资本,北京,实习僧,,见详情,n/a,https://www.shixiseng.com/intern/inn_0nmlnyid8s20,2026-08-16 23:16:13
猎头实习【业-具备顶级客户资源，线美元基金投资】,RMC人力咨询,北京,实习僧,,见详情,n/a,https://www.shixiseng.com/intern/inn_2riuhcy9jscy,2026-08-16 23:16:13
华兴资本-新经济基金-投资实习（ / 沿科技方向）,华兴资本,北京,实习僧,,见详情,n/a,https://www.shixiseng.com/intern/inn_rwi2hi4vbbbt,2026-08-16 23:16:13
证券投资部业研究员（实习）,国融证券,北京,实习僧,,见详情,n/a,https://www.shixiseng.com/intern/inn_2psmlhvj5cvv,2026-08-16 23:16:18
业研究员,共欣私募,北京,实习僧,,见详情,n/a,https://www.shixiseng.com/intern/inn_2q0niw2jfjfr,2026-08-16 23:16:18
硬科技投资分析（研方向）-远,松焱资本,北京,实习僧,,见详情,n/a,https://www.shixiseng.com/intern/inn_ybhr5mhn0kb3,2026-08-16 23:16:18
金融研究员,金厚财务顾问,北京,实习僧,,见详情,n/a,https://www.shixiseng.com/intern/inn_jzgkammirhk0,2026-08-16 23:16:18
产业投资部实习,中信资本,北京,实习僧,,见详情,n/a,https://www.shixiseng.com/intern/inn_7tpcjfwgos5s,2026-08-16 23:16:18
投研助理,象往基金,北京,实习僧,,见详情,n/a,https://www.shixiseng.com/intern/inn_dgushgznaki7,2026-08-16 23:16:18
量化研究员助理,智睿投研,北京,实习僧,,见详情,n/a,https://www.shixiseng.com/intern/inn_yv8ke6kojgpu,2026-08-16 23:16:22
创新科技投资实习-高瓴创投,高瓴联合校招,北京,实习僧,,见详情,n/a,https://www.shixiseng.com/intern/inn_nbeertn76pnr,2026-08-16 23:16:27
投资助理,慕华资本,北京,实习僧,,见详情,n/a,https://www.shixiseng.com/intern/inn_i4gnbf2kduhn,2026-08-16 23:16:27
经济金融类实习（员管理方向）,北股交,北京,实习僧,,见详情,n/a,https://www.shixiseng.com/intern/inn_22nujaa5or1k,2026-08-16 23:16:27
投资部实习,国科资本,北京,实习僧,,见详情,n/a,https://www.shixiseng.com/intern/inn_dbgdq0udsfmf,2026-08-16 23:16:27
投资助理,大涵私募基金,北京,实习僧,,见详情,n/a,https://www.shixiseng.com/intern/inn_hllhj6invdga,2026-08-16 23:16:27
投资实习,复星锐正资本,北京,实习僧,,见详情,n/a,https://www.shixiseng.com/intern/inn_xjdmb1mfizkr,2026-08-16 23:16:27
投资实习,商汤国香资本,北京,实习僧,,见详情,n/a,https://www.shixiseng.com/intern/inn_cu6spddze0sm,2026-08-16 23:16:27
投资实习,建广资产,北京,实习僧,,见详情,n/a,https://www.shixiseng.com/intern/inn_hoagdhr8gn1z,2026-08-16 23:16:27
投资实习,中粮产业基金,北京,实习僧,,见详情,n/a,https://www.shixiseng.com/intern/inn_8sgl10ny3t06,2026-08-16 23:16:27
投资实习,蓝驰创投,北京,实习僧,,见详情,n/a,https://www.shixiseng.com/intern/inn_oxind2gholgq,2026-08-16 23:16:27
投资助理,联想创投,北京,实习僧,,见详情,n/a,https://www.shixiseng.com/intern/inn_nbwasztv2am8,2026-08-16 23:16:27
投资助理,青岸投资,北京,实习僧,,见详情,n/a,https://www.shixiseng.com/intern/inn_33kmdsarzg0v,2026-08-16 23:16:27
投资分析,星瀚资本,北京,实习僧,,见详情,n/a,https://www.shixiseng.com/intern/inn_5ufep6t35j7a,2026-08-16 23:16:27
投资实习,新材智资本,北京,实习僧,,见详情,n/a,https://www.shixiseng.com/intern/inn_3ivb3zre21sk,2026-08-16 23:16:27
投资实习,约印医疗基金,北京,实习僧,,见详情,n/a,https://www.shixiseng.com/intern/inn_dkpdjmgfzgcc,2026-08-16 23:16:27
投资实习,天壹资本,北京,实习僧,,见详情,n/a,https://www.shixiseng.com/intern/inn_lnlmdsbdz1ck,2026-08-16 23:16:32
投资实习,中汇投资,北京,实习僧,,见详情,n/a,https://www.shixiseng.com/intern/inn_n2dtxipjmfwj,2026-08-16 23:16:32
投资助理,金厚财务顾问,北京,实习僧,,见详情,n/a,https://www.shixiseng.com/intern/inn_qlelrb5roimb,2026-08-16 23:16:32
投资助理,金厚财务顾问,北京,实习僧,,见详情,n/a,https://www.shixiseng.com/intern/inn_mshy2zchu6ji,2026-08-16 23:16:32
组合投资部-投资助理实习,方正证券,北京,实习僧,,见详情,n/a,https://www.shixiseng.com/intern/inn_kfbyweuktmah,2026-08-16 23:16:32
量化投资实习,因诺资产,北京,实习僧,,见详情,n/a,https://www.shixiseng.com/intern/inn_jsszawwoylnh,2026-08-16 23:16:32
投资业务助理,清控金信资本,北京,实习僧,,见详情,n/a,https://www.shixiseng.com/intern/inn_zellfibvyeae,2026-08-16 23:16:32
投资经理助理实习,德联资本,北京,实习僧,,见详情,n/a,https://www.shixiseng.com/intern/inn_blnyisnythpr,2026-08-16 23:16:32
投资分析实习,华和资本,北京,实习僧,,见详情,n/a,https://www.shixiseng.com/intern/inn_sz8ym0e6pcfd,2026-08-16 23:16:32
投资助理实习,国科兴和投资,北京,实习僧,,见详情,n/a,https://www.shixiseng.com/intern/inn_km1xzbuufi71,2026-08-16 23:16:32
股权投资实习,正德投资,北京,实习僧,,见详情,n/a,https://www.shixiseng.com/intern/inn_ypklf9yyxfql,2026-08-16 23:16:32
实习投资助理,山河基金,北京,实习僧,,见详情,n/a,https://www.shixiseng.com/intern/inn_afbaszibz2rq,2026-08-16 23:16:32
实习投资助理,山河基金,北京,实习僧,,见详情,n/a,https://www.shixiseng.com/intern/inn_sblppyqolbcb,2026-08-16 23:16:32
投资分析实习,湖畔里程,北京,实习僧,,见详情,n/a,https://www.shixiseng.com/intern/inn_cuckudmajio9,2026-08-16 23:16:32
风险投资实习,蒙牛创投,北京,实习僧,,见详情,n/a,https://www.shixiseng.com/intern/inn_damahfv7eouj,2026-08-16 23:16:32
投资分析实习,领源科创,北京,实习僧,,见详情,n/a,https://www.shixiseng.com/intern/inn_slcyguyql2cm,2026-08-16 23:16:32
投资研究（实习）,青云创投,北京,实习僧,,见详情,n/a,https://www.shixiseng.com/intern/inn_n8aen9msaia1,2026-08-16 23:16:32
影视投资实习,文金创新,北京,实习僧,,见详情,n/a,https://www.shixiseng.com/intern/inn_g6jr2czauw2q,2026-08-16 23:16:36
投资业务总部-投资业务九部实习,兴业证券,北京,实习僧,,见详情,n/a,https://www.shixiseng.com/intern/inn_1zamgolxycpb,2026-08-16 23:16:36
物医药研究投资实习岗,喜神资产,北京,实习僧,,见详情,n/a,https://www.shixiseng.com/intern/inn_l6kc06xwlusb,2026-08-16 23:16:36
/具身投资实习,复星锐正资本,北京,实习僧,,见详情,n/a,https://www.shixiseng.com/intern/inn_j5doglqgfew6,2026-08-16 23:16:36
投资业务岗（北京）,东方证券,北京,实习僧,,见详情,n/a,https://www.shixiseng.com/intern/inn_gys16y5p2ncd,2026-08-16 23:16:36
实习（物医药投资方向）,基科晟斯,北京,实习僧,,见详情,n/a,https://www.shixiseng.com/intern/inn_8hauxodlesvf,2026-08-16 23:16:36
投资研究实习,中航基金,北京,实习僧,,见详情,n/a,https://www.shixiseng.com/intern/inn_q2pmqatlegtt,2026-08-16 23:16:36
投资实习-(),蓝驰创投,北京,实习僧,,见详情,n/a,https://www.shixiseng.com/intern/inn_l16felxvzovm,2026-08-16 23:16:36
投资实习-(),蓝驰创投,北京,实习僧,,见详情,n/a,https://www.shixiseng.com/intern/inn_ohpmhv6v76fq,2026-08-16 23:16:36
地产/投资岗业务助理,坤凌资产,北京,实习僧,,见详情,n/a,https://www.shixiseng.com/intern/inn_krffsx53lepc,2026-08-16 23:16:36
科技组投资实习（北京）,晨岭资本,北京,实习僧,,见详情,n/a,https://www.shixiseng.com/intern/inn_btfvfcwta5cb,2026-08-16 23:16:36
医药组投资实习（北京）,晨岭资本,北京,实习僧,,见详情,n/a,https://www.shixiseng.com/intern/inn_cmkit7okyvmj,2026-08-16 23:16:36
股权投资助理实习,中意资产,北京,实习僧,,见详情,n/a,https://www.shixiseng.com/intern/inn_4hpta3tfsvtl,2026-08-16 23:16:36
投资实习——通用科技组,创新工场,北京,实习僧,,见详情,n/a,https://www.shixiseng.com/intern/inn_ot3ofivattro,2026-08-16 23:16:36
投资分析实习(),国科资本,北京,实习僧,,见详情,n/a,https://www.shixiseng.com/intern/inn_x7kr8vp0outq,2026-08-16 23:16:36
固定收益投资部实习,安联资管,北京,实习僧,,见详情,n/a,https://www.shixiseng.com/intern/inn_wxdjikylsaby,2026-08-16 23:16:36
证券投资事业部实习,中信信托,北京,实习僧,,见详情,n/a,https://www.shixiseng.com/intern/inn_e9i17fs6yh23,2026-08-16 23:16:36
资管权益投资部-业研究实习,方正证券,北京,实习僧,,见详情,n/a,https://www.shixiseng.com/intern/inn_ii21h9o4y8vh,2026-08-16 23:16:41
投资部-股权承做实习,一创投行,北京,实习僧,,见详情,n/a,https://www.shixiseng.com/intern/inn_uoc0z525g24g,2026-08-16 23:16:41
项目实习-投资管理岗(),中金公司,北京,实习僧,,见详情,n/a,https://www.shixiseng.com/intern/inn_4gmrsbh8znl8,2026-08-16 23:16:41
投资部-债券承做实习,一创投行,北京,实习僧,,见详情,n/a,https://www.shixiseng.com/intern/inn_hl3rwkd8p512,2026-08-16 23:16:41
项目实习-投资管理(),中金财富,北京,实习僧,,见详情,n/a,https://www.shixiseng.com/intern/inn_xr0sddawhios,2026-08-16 23:16:41
投资分析实习（科技类方向）,华和资本,北京,实习僧,,见详情,n/a,https://www.shixiseng.com/intern/inn_0k6kxpdfzmom,2026-08-16 23:16:41
影响力与投资分析（实习）,青云创投,北京,实习僧,,见详情,n/a,https://www.shixiseng.com/intern/inn_dgguwvnzowgd,2026-08-16 23:16:41
金融投资实习-,华能信托,北京,实习僧,,见详情,n/a,https://www.shixiseng.com/intern/inn_kwj0dcusrgoo,2026-08-16 23:16:41
/科技投资实习（北京）,贝塔斯曼,北京,实习僧,,见详情,n/a,https://www.shixiseng.com/intern/inn_gohuftk4dxey,2026-08-16 23:16:41
实习投资/投后经理(北京),仁智资本,北京,实习僧,,见详情,n/a,https://www.shixiseng.com/intern/inn_fnmcy3cdl2il,2026-08-16 23:16:41
项目实习-投资研究支持(),中金公司,北京,实习僧,,见详情,n/a,https://www.shixiseng.com/intern/inn_ippswxd9lbbg,2026-08-16 23:16:41
实习投资分析（ 方向）,五源资本,北京,实习僧,,见详情,n/a,https://www.shixiseng.com/intern/inn_zkgp2r9bqini,2026-08-16 23:16:41
固定收益投资部-债券研究实习,安联资管,北京,实习僧,,见详情,n/a,https://www.shixiseng.com/intern/inn_0cpoiencf7k2,2026-08-16 23:16:41
项目实习-投资分析实习(),中金公司,北京,实习僧,,见详情,n/a,https://www.shixiseng.com/intern/inn_lha5xkzg6g4m,2026-08-16 23:16:41
华兴资本-夹层投资业务实习,华兴资本,北京,实习僧,,见详情,n/a,https://www.shixiseng.com/intern/inn_onqd2in0vfx8,2026-08-16 23:16:41
金投资部实习（资产配置方向）,泰康资产,北京,实习僧,,见详情,n/a,https://www.shixiseng.com/intern/inn_k0n9povqjbjd,2026-08-16 23:16:41
项目实习-投资研究支持岗(),中金公司,北京,实习僧,,见详情,n/a,https://www.shixiseng.com/intern/inn_rom1wbhaue1a,2026-08-16 23:16:41
项目实习-常规股权投资支持(),中金公司,北京,实习僧,,见详情,n/a,https://www.shixiseng.com/intern/inn_vpubvnaandfz,2026-08-16 23:16:41
项目实习-综合投资顾问 (),中金财富,北京,实习僧,,见详情,n/a,https://www.shixiseng.com/intern/inn_7eorlb26kup3,2026-08-16 23:16:45
项目实习-投资研究与赋能（北京）(),中金公司,北京,实习僧,,见详情,n/a,https://www.shixiseng.com/intern/inn_xg2uqcg5f4kt,2026-08-16 23:16:45
投资业务总部-新兴产业部实习（北京）,兴业证券,北京,实习僧,,见详情,n/a,https://www.shixiseng.com/intern/inn_nc7prwvo9cxs,2026-08-16 23:16:45
华兴证券-投资与交易-实习岗位（北京）,华兴证券,北京,实习僧,,见详情,n/a,https://www.shixiseng.com/intern/inn_j3vgkzazhqwg,2026-08-16 23:16:45
华兴资本- -战略投资实习,华兴资本,北京,实习僧,,见详情,n/a,https://www.shixiseng.com/intern/inn_z3a69uc7mmzo,2026-08-16 23:16:45
【复星创富】北京-投资实习-新代信息技术组,复星创富,北京,实习僧,,见详情,n/a,https://www.shixiseng.com/intern/inn_xi2s2ocawhea,2026-08-16 23:16:45
项目实习-投资分析（物医药方向）- 北京(),中金公司,北京,实习僧,,见详情,n/a,https://www.shixiseng.com/intern/inn_4vvamnhxq7xv,2026-08-16 23:16:45
级投资实习 （医疗/科技/消费方向）,融汇资本,北京,实习僧,,见详情,n/a,https://www.shixiseng.com/intern/inn_deqel06xoqid,2026-08-16 23:16:45
及投资岗实习 – &化复合背景,阿斯利康,北京,实习僧,,见详情,n/a,https://www.shixiseng.com/intern/inn_6l5nnkmxfwp1,2026-08-16 23:16:45
私募基金投资顾问,香橙资本,深圳,实习僧,,见详情,n/a,https://www.shixiseng.com/intern/inn_2ha4egnp1ung,2026-08-16 23:17:24
基金实习,投控东海,深圳,实习僧,,见详情,n/a,https://www.shixiseng.com/intern/inn_wl3upsqrzjbi,2026-08-16 23:17:28
基金部实习,信诺资本,深圳,实习僧,,见详情,n/a,https://www.shixiseng.com/intern/inn_3imfs9wijlsn,2026-08-16 23:17:28
基金投资部实习,优山资本,深圳,实习僧,,见详情,n/a,https://www.shixiseng.com/intern/inn_ugwgfvmpjwi8,2026-08-16 23:17:28
基金研究实习,聚宽投资,深圳,实习僧,,见详情,n/a,https://www.shixiseng.com/intern/inn_agyzorut7dl7,2026-08-16 23:17:28
基金实习,金信基金,深圳,实习僧,,见详情,n/a,https://www.shixiseng.com/intern/inn_att59l6qdc8i,2026-08-16 23:17:28
基金产品实习,淳臻投资,深圳,实习僧,,见详情,n/a,https://www.shixiseng.com/intern/inn_ze6ur33ucgef,2026-08-16 23:17:28
基金实习(),招商基金,深圳,实习僧,,见详情,n/a,https://www.shixiseng.com/intern/inn_6zkdkgren2oj,2026-08-16 23:17:28
业研究员（，考察留用）,安信基金,深圳,实习僧,,见详情,n/a,https://www.shixiseng.com/intern/inn_whkskdqcypzz,2026-08-16 23:17:33
投资分析,戈壁创投,深圳,实习僧,,见详情,n/a,https://www.shixiseng.com/intern/inn_stkinxcaw5jk,2026-08-16 23:17:33
业研究员,前海鼎业,深圳,实习僧,,见详情,n/a,https://www.shixiseng.com/intern/inn_zi2dxqgre5fi,2026-08-16 23:17:33
战略投资实习,顺丰,深圳,实习僧,,见详情,n/a,https://www.shixiseng.com/intern/inn_xa2jdkcxrtgw,2026-08-16 23:17:33
投资分析岗实习,招商局资本,深圳,实习僧,,见详情,n/a,https://www.shixiseng.com/intern/inn_nctm4bduytt7,2026-08-16 23:17:33
量化投资研究员实习（/届）,金信基金,深圳,实习僧,,见详情,n/a,https://www.shixiseng.com/intern/inn_ka9ek8bgtubv,2026-08-16 23:17:33
投研助理实习（量化、海外信用债方向）,山西证券,深圳,实习僧,,见详情,n/a,https://www.shixiseng.com/intern/inn_wkj26ps5jcgk,2026-08-16 23:17:33
研究员实习,金信基金,深圳,实习僧,,见详情,n/a,https://www.shixiseng.com/intern/inn_aiotdc6wa4gq,2026-08-16 23:17:33
.投资研究实习,仟峰资本Chainhill,深圳,实习僧,,见详情,n/a,https://www.shixiseng.com/intern/inn_nypmiqd7xkxh,2026-08-16 23:17:33
助理研究员（研究部实习）,鼎力,深圳,实习僧,,见详情,n/a,https://www.shixiseng.com/intern/inn_0vttvrqf1mnw,2026-08-16 23:17:33
研究员助理实习,深圳满投财经,深圳,实习僧,,见详情,n/a,https://www.shixiseng.com/intern/inn_twzvm5jxjwuz,2026-08-16 23:17:37
投资实习,松禾资本,深圳,实习僧,,见详情,n/a,https://www.shixiseng.com/intern/inn_urv6kgccemn3,2026-08-16 23:17:37
投资业务实习（硬科技方向）,前海方舟,深圳,实习僧,,见详情,n/a,https://www.shixiseng.com/intern/inn_xee89ivmv37a,2026-08-16 23:17:37
投研分析实习,前海辰星,深圳,实习僧,,见详情,n/a,https://www.shixiseng.com/intern/inn_5g9znecyva4q,2026-08-16 23:17:37
助理研究员（研究部实习）,鼎力,深圳,实习僧,,见详情,n/a,https://www.shixiseng.com/intern/inn_3gpj6ntkftkv,2026-08-16 23:17:37
投资经理助理（化、材料科学方向）,深创投,深圳,实习僧,,见详情,n/a,https://www.shixiseng.com/intern/inn_iv9zmlefzdb4,2026-08-16 23:17:37
投资经理助理,凯晟南山,深圳,实习僧,,见详情,n/a,https://www.shixiseng.com/intern/inn_pekufkkvmrnn,2026-08-16 23:17:37
投研助理岗（暑期）,第一创业证券,深圳,实习僧,,见详情,n/a,https://www.shixiseng.com/intern/inn_fqz90w2bwp7c,2026-08-16 23:17:37
实习投资经理(深圳),仁智资本,深圳,实习僧,,见详情,n/a,https://www.shixiseng.com/intern/inn_b8emustz8tpg,2026-08-16 23:17:37
投资经理助理实习,投控东海,深圳,实习僧,,见详情,n/a,https://www.shixiseng.com/intern/inn_pqmk9dsukkpa,2026-08-16 23:17:37
投资经理助理（创新业务部）,第一创业证券,深圳,实习僧,,见详情,n/a,https://www.shixiseng.com/intern/inn_umte0lluf90o,2026-08-16 23:17:37
科技制造投资部 投资助理,温氏资本,深圳,实习僧,,见详情,n/a,https://www.shixiseng.com/intern/inn_1nm20o7gnbw6,2026-08-16 23:17:37
创新投资部-投研实习（深圳）,华鑫证券,深圳,实习僧,,见详情,n/a,https://www.shixiseng.com/intern/inn_szdkbx9htrft,2026-08-16 23:17:37
投资助理实习,海坤投资,深圳,实习僧,,见详情,n/a,https://www.shixiseng.com/intern/inn_cuecckq0fmnr,2026-08-16 23:17:41
投／投资经理（实习）,高瞩资本,深圳,实习僧,,见详情,n/a,https://www.shixiseng.com/intern/inn_6vtafc7j2hwj,2026-08-16 23:17:41
投资实习（理科）,松禾资本,深圳,实习僧,,见详情,n/a,https://www.shixiseng.com/intern/inn_6yyar55qx5vg,2026-08-16 23:17:41
投资助理实习,戈壁大湾区,深圳,实习僧,,见详情,n/a,https://www.shixiseng.com/intern/inn_rbmraqfm1rm2,2026-08-16 23:17:41
投资实习（）,凯风创投,深圳,实习僧,,见详情,n/a,https://www.shixiseng.com/intern/inn_80z0bfbry4e3,2026-08-16 23:17:41
研究员（暑期）,第一创业证券,深圳,实习僧,,见详情,n/a,https://www.shixiseng.com/intern/inn_4lt4noumes4c,2026-08-16 23:17:41
投资经理助理（实习）,深智城产投,深圳,实习僧,,见详情,n/a,https://www.shixiseng.com/intern/inn_lxqyfk36uuwn,2026-08-16 23:17:41
金融分析实习,谷科智投科技,深圳,实习僧,,见详情,n/a,https://www.shixiseng.com/intern/inn_1ldu75klgxt1,2026-08-16 23:17:41
投资经理助理（时尚、消费方向）,深创投,深圳,实习僧,,见详情,n/a,https://www.shixiseng.com/intern/inn_krgdmrqeeqsb,2026-08-16 23:17:41
投资助理,同学村创投,深圳,实习僧,,见详情,n/a,https://www.shixiseng.com/intern/inn_9rscq23g1izu,2026-08-16 23:17:41
投资类实习,昆桥资本,深圳,实习僧,,见详情,n/a,https://www.shixiseng.com/intern/inn_jubx3kjzjv9c,2026-08-16 23:17:41
研究员实习,香橙资本,深圳,实习僧,,见详情,n/a,https://www.shixiseng.com/intern/inn_zjpbwy835rhk,2026-08-16 23:17:41
绿色金融实习,中证鹏元,深圳,实习僧,,见详情,n/a,https://www.shixiseng.com/intern/inn_uiif6ym74hqs,2026-08-16 23:17:45
金融储备干部,深圳鸿之汇,深圳,实习僧,,见详情,n/a,https://www.shixiseng.com/intern/inn_foaq9mng82oh,2026-08-16 23:17:45
投资实习,环球创新资本,深圳,实习僧,,见详情,n/a,https://www.shixiseng.com/intern/inn_zurq0ogh9uel,2026-08-16 23:17:55
风险投资实习,复星锐正资本,深圳,实习僧,,见详情,n/a,https://www.shixiseng.com/intern/inn_iuc2vuuiitf8,2026-08-16 23:17:55
股权投资部实习,北航投资,深圳,实习僧,,见详情,n/a,https://www.shixiseng.com/intern/inn_8pxazfia1xah,2026-08-16 23:17:59
投资业务岗（深圳）,东方证券,深圳,实习僧,,见详情,n/a,https://www.shixiseng.com/intern/inn_ozjp1wvo02cd,2026-08-16 23:17:59
地产/投资业务助理,坤凌资产,深圳,实习僧,,见详情,n/a,https://www.shixiseng.com/intern/inn_91c20a1buslj,2026-08-16 23:17:59
投资部-股权承做实习,一创投行,深圳,实习僧,,见详情,n/a,https://www.shixiseng.com/intern/inn_7zky2ccowpz8,2026-08-16 23:17:59
金融投资实习-,华能信托,深圳,实习僧,,见详情,n/a,https://www.shixiseng.com/intern/inn_5hkapvzfkvux,2026-08-16 23:17:59
项目实习-投资顾问实习(),中金财富,深圳,实习僧,,见详情,n/a,https://www.shixiseng.com/intern/inn_uu4f8rh0gp7x,2026-08-16 23:17:59
资产管理部-多元资产投资部实习,华鑫证券,深圳,实习僧,,见详情,n/a,https://www.shixiseng.com/intern/inn_siyxlj7kvatp,2026-08-16 23:17:59
项目实习-投资助理实习 (),中金财富,深圳,实习僧,,见详情,n/a,https://www.shixiseng.com/intern/inn_r7wgefm1zonz,2026-08-16 23:18:04
项目实习-投资管理中台支持岗 (),中金财富,深圳,实习僧,,见详情,n/a,https://www.shixiseng.com/intern/inn_gtsmhsmdwa1o,2026-08-16 23:18:04
项目实习-投资研究及数据分析岗 (),中金财富,深圳,实习僧,,见详情,n/a,https://www.shixiseng.com/intern/inn_pwbjwubpmwxf,2026-08-16 23:18:04
